参数名,数据类型,默认值,含义
b0_norm,real,1.e4,Normalization magnetic field (in G)
n0_norm,real,1.e14,Normalization density (in e-/cm3)
l0_norm,real,100.,Normalization length (in cm)
nplanes,integer,1,Number of toroidal planes；托卡马克：2D/complex 线性取 1，真实三维非线性取大于 1 的环向平面数。仿星器：表示所选环向计算域内的平面数，通常必须大于 1；需足以解析 VMEC/外场的最高环向模。3D+PETSc 当前要求 MPI 进程数等于 `nplanes`
nperiods,integer,1,Number of field periods；托卡马克：通常取 1。仿星器：表示整环面被划分的周期数；当 `ifull_torus=0` 时实际只计算 `1/nperiods` 环面，且 VMEC 的 `nfp` 必须能被它整除
ifull_torus,integer,1,0 = one field period; 1 = full torus；托卡马克：通常取 1；取 0 只有在明确采用周期扇区时才有意义。仿星器：0 计算一个由 `nperiods` 定义的周期扇区，1 计算完整环面；它控制环向域长度，不改变 VMEC 几何本身
iread_vmec,integer,0,1 = read geometry from VMEC file；托卡马克：保持 0，gfile 不通过该参数读取。仿星器：1 时从 `vmec_filename` 读取 VMEC 几何，并在固定边界初始化中同时提供平衡磁场和压力；通常与 `igeometry=1` 配合
vmec_filename,character(len=256),geometry.nc,name of vmec data file；托卡马克：不使用。仿星器：`iread_vmec=1` 时的 VMEC NetCDF 文件名；几何映射读取 R/Z 傅里叶系数、场周期和磁场系数，固定边界还使用其中的压力和磁场
igeometry,integer,0,"0: default, identity；托卡马克：标准物理 R-Z 网格取 0，网格坐标不再映射。仿星器：取 1，先把二维 mesh 坐标解释为逻辑圆盘，再由 VMEC/边界傅里叶数据映射为物理 R-Z；取 2 是求解 Laplace 几何的内部路径，不是常规 VMEC 设置"
xcenter,real,0.,center of logical mesh (x)；托卡马克：`igeometry=0` 时不用于平衡与 mesh 对齐。仿星器：逻辑圆盘中心的 x 坐标，逻辑 rho 由 `sqrt((x-xcenter)^2+(z-zcenter)^2)` 计算；必须与生成逻辑 mesh 时采用的圆心一致
zcenter,real,0.,center of logical mesh (z)；托卡马克：`igeometry=0` 时不用于平衡与 mesh 对齐。仿星器：逻辑圆盘中心的 z 坐标，与 `xcenter` 共同定义 rho 和 theta；必须与逻辑 mesh 圆心一致
bloat_factor,real,0.,factor to expand VMEC domain；托卡马克：不使用。仿星器：把 VMEC 几何径向外推到放大的计算边界；0 不按比例扩展。固定边界 `itaylor=40` 的检查要求它为 0；自由边界/外场域可非零。若同时给 `bloat_distance`，后者优先并把本参数置 0
bloat_distance,real,0.,factor to expand VMEC domain；托卡马克：不使用。仿星器：沿 VMEC 磁面外法向按距离扩展计算边界，并覆盖 `bloat_factor` 的作用。固定边界 case 建议保持 0；外扩域不会自动生成真空、壁或 LCFS 的 zone 标签
nzer_factor,integer,-1,scale factor for order of VMEC interpolation；托卡马克：不使用。仿星器：控制 VMEC R/Z 几何转为 Zernike 径向表示的阶数；非负时取 `n_zer=mpol*nzer_factor`，但仅在 `nzer_manual<0` 时使用。-1 采用程序默认
nzer_manual,integer,-1,order of VMEC interpolation；托卡马克：不使用。仿星器：手动指定 VMEC 几何的 Zernike 径向阶数；只有不低于程序默认阶数时才覆盖默认值，且优先于 `nzer_factor`。主要用于分辨率测试
iread_planes,integer,0,Read positions of toroidal planes from plane_positions；托卡马克：3D 时 1 从 `plane_positions` 读取每个环向平面角度；否则均匀或按 toroidal packing 生成。仿星器：用法相同，但每个角度必须位于当前完整环面或周期扇区的范围内，文件行数必须等于 `nplanes`
xzero,real,0.,托卡马克：某些解析初值、诊断和参考轴使用的 R 参考位置；不会移动 `mesh_filename` 中的节点，也不能用来使 mesh 对齐 gfile。仿星器：逻辑映射中心应使用 `xcenter`，本参数通常保持默认，仅少数测试/诊断使用
zzero,real,0.,托卡马克：某些解析初值、诊断和参考轴使用的 Z 参考位置；不会平移已读入 mesh。仿星器：逻辑映射中心应使用 `zcenter`，本参数通常保持默认
tiltangled,real,0.,托卡马克：给矩形测试网格的边界法向加入旋转角，不会旋转任意外部 mesh 的节点。仿星器：VMEC 曲边界使用映射几何法向，通常保持 0
mesh_filename,character(len=256),struct-dmg.sms,托卡马克：二维物理 R-Z 有限元 mesh 文件；几何范围应覆盖目标等离子体、真空和壁区域并落在所需平衡数据范围内。仿星器：二维逻辑圆盘 mesh 文件，通常外边界 rho=1，随后映射为三维物理几何
mesh_model,character(len=256),struct.dmg,托卡马克：与 `mesh_filename` 配套的几何模型，保存边界实体和 zone 拓扑。仿星器：与逻辑 mesh 配套的模型；模型标签定义逻辑分区，不会根据 VMEC 自动改成物理 plasma/vacuum/conductor 分区
model_info,character(len=256),dummyInfo,托卡马克：仅 `USECADMODEL` 编译路径加载的额外 CAD model-info 文件，普通 `.dmg/.txt` 工作流不设置。仿星器：条件和用途相同，不参与 VMEC 几何映射
ipartitioned,integer,0,1 = the input mesh is partitioned；托卡马克：当前主程序只注册和保存该值，活动的 SCOREC `load_mesh` 没有按它分支。仿星器：行为相同，也不能用它切换逻辑 mesh 的装载方式；两者都应直接提供与运行方式匹配的 mesh 文件
imatassemble,integer,0,0: use scorec matrix parallel assembly; 1 use petsc；托卡马克：0 使用 SCOREC、1 使用 PETSc 进行并行矩阵装配，不改变物理 R-Z mesh。仿星器：后端选择相同，不改变逻辑到物理的几何映射、区域或平衡场
is1_agg_blks,integer,1,number of blocks to divide each node of dofs into for matrix s1；托卡马克：仅 `REORDERED` 编译时注册，设置 S1 矩阵每节点自由度聚合块数。仿星器：用法相同；只影响求解性能，不改变物理网格或 VMEC 映射；仅在满足条件编译 `ifdef REORDERED` 时可用
is1_agg_scp,integer,0,"0: per-rank aggregation, 1: per-plane aggregation, 2: global aggregation；托卡马克：仅 `REORDERED` 编译时注册；0 每 MPI rank、1 每环向平面、2 全局聚合。仿星器：取值相同，按所选周期域的平面组织聚合；不改变几何；仅在满足条件编译 `ifdef REORDERED` 时可用"
imulti_region,integer,0,1 = Mesh has multiple physical regions；托卡马克：0 时全部单元自动视为 plasma；1 时必须用 `boundary_type/zone_type` 明确等离子体、真空和导体区，适合第一壁/电阻壁计算。仿星器：语法相同，但标签只分类逻辑 mesh 的既有单元，程序不会根据 VMEC LCFS 或外场自动判定区域；必须先保证映射后的物理位置合理
toroidal_pack_factor,real,1.,ratio of longest to shortest toroidal element；托卡马克：3D 且 `iread_planes=0` 时，>1 在 `toroidal_pack_angle` 附近加密环向平面；1 均匀。仿星器：作用相同，但需在所选周期域内兼顾 VMEC/外场模数解析；不改变二维截面网格
toroidal_pack_angle,real,0.,toroidal angle of maximum mesh packing；托卡马克：`toroidal_pack_factor>1` 且未读 `plane_positions` 时的最大环向加密角，必须位于托卡马克计算域内。仿星器：定义相同，但角度必须位于当前完整环面或场周期扇区内
boundary_type,integer array,0,Type of each mesh boundary.；托卡马克：`imulti_region=1` 时按几何边编号标记 1=第一壁、2=计算域外边界；它决定边界条件作用位置。仿星器：取值相同，但标记的是逻辑模型边，映射后才成为物理边界；不会自动等于 VMEC LCFS；数组长度/上限：1000
zone_type,integer array,0,Type of each mesh boundary.；托卡马克：`imulti_region=1` 时按 zone 编号标记 1=plasma、2=conductor、3=vacuum。仿星器：取值相同，但必须由用户确认逻辑 zone 经 VMEC/bloat 映射后确实落在相应物理区域；程序只检查标签是否存在，不检查与平衡的一致性；数组长度/上限：100
iread_eqdsk,integer,0,托卡马克：轴对称 g-file 平衡入口。1 直接投影 `geqdsk`；2 读入 gfile 后在 GS 中改用默认压力/F；3 不使用 `psirz`，只取磁轴、电流和剖面重新求解 GS。仿星器：必须为 0；非零值的执行优先级高于 `itaylor=40/41`
iread_dskbal,integer,0,托卡马克：旧 BAL 平衡入口。1 使用文件 psi、F、FF′、ne 并由 ne(Te+Ti) 计算压力；2 压力/F 改用默认剖面；两者都调用 GS。仿星器：必须为 0，否则屏蔽 VMEC/外场初始化
iread_jsolver,integer,0,托卡马克：旧 Jsolver 平衡入口，读取 `fixed`；`igs>0` 时 1 使用文件 p/F、2 改用默认 p/F，`igs=0` 时直接投影。仿星器：必须为 0，否则屏蔽 VMEC/外场初始化
iread_omega,integer,0,托卡马克：仅 GS 且 `irot!=0` 时读取，模式 1/2/3/4/5/20 分别对应 `profile_omega`、`dtrot.xy`、`profile_vphi`、rho 文件、带表头文件和 `iterdb`，之后乘 `vscale`。仿星器：VMEC 与 `itaylor=41` 路径均不读取；`iread_omega_e` 与 `iread_omega_ExB` 会在校验阶段映射到同一个内部选择量；`irot=0` 时不会读取文件；`iread_omega_e` 或 `iread_omega_ExB` 非零时会写入同一个内部 `iread_omega`，且与已有 `iread_omega` 互斥
iread_omega_e,integer,0,Read electron rotation (same options as iread_omega)；托卡马克：文件模式同 `iread_omega`，随后扣除完整抗磁项换算为离子角频率。仿星器：不读取。与 `iread_omega`、`iread_omega_ExB` 严格互斥
iread_omega_ExB,integer,0,Read ExB rotation (same options as iread_omega)；托卡马克：文件模式同 `iread_omega`，随后扣除离子抗磁项换算为离子角频率。仿星器：不读取。与 `iread_omega`、`iread_omega_e` 严格互斥
iread_ne,integer,0,托卡马克：GS 使用 1/2/4/10/20 读取 psi、rho、Corsica 或 iterdb 密度。仿星器：固定边界 VMEC 用 21 读取 `n_profile(s)`；21 不用于 `itaylor=41`，该路径可用 22 的 `n_profile(s)` 或 23 的 `n_profile_vs_p` 在平衡后重写密度。两种装置中 `den_edge>0` 均与非零值冲突；GS 路径的 1/2/4/10/20 建立磁通函数；VMEC/ST 的 21/22/23 分别在 VMEC 投影中或后续 `den_eq` 中写入密度
iread_te,integer,0,托卡马克：GS 使用 1/2/4/10/20 读取不同坐标和单位的 Te。仿星器：仅固定边界 VMEC 的 21 读取 `te_profile(s)`；自由边界路径不读取。两种装置中 `tedge>0` 均与非零值冲突；GS 路径的 1/2/4/10/20 分别采用 psi、rho、Corsica 或 iterdb 坐标；VMEC 的 21 采用逻辑 `s=rho^2`
iread_p,integer,0,"托卡马克：GS 中 1 读取 `profile_p(psi_N,p)`，替换 gfile/旧平衡或默认压力剖面。仿星器：固定边界 VMEC 中 21 读取 `p_profile(s,p)` 并替换 wout 的 `presf` 压力场，但不改变几何和磁场；自由边界路径不读取；GS 外部压力剖面会替换 gfile/dskbal/jsolver 或默认剖面；VMEC 外部压力只替换压力场，不改变 wout 的几何和磁场"
iread_f,integer,0,"Read profile_f file containing F=R*B_phi vs Psi_N for GS solve；托卡马克：GS 中 1 读取 `profile_f(psi_N,F)`，其中 F 满足 \(F=R B_\phi\)；该文件替换 F，并按最外点重设 `bzero`。仿星器：不读取，VMEC 磁场仍来自 wout，`itaylor=41` 磁场来自外场文件"
iread_j,integer,0,"Read profile_j file containing toroidal J_phi(r) (basicj equilibrium only)；托卡马克：常规轴对称 GS 不使用；仅非托卡马克圆柱测试路径 `itor=0,itaylor=33` 读取 `profile_j(r,J_phi)`。仿星器：不使用"
iread_heatsource,integer,0,托卡马克：1 读取 `profile_heatsource(psi_N)`。仿星器：1 读取同名文件，但横坐标解释为逻辑 `s=xl^2+zl^2`。两者均把第二列乘 `ghs_rate` 并与其他热源相加，且只在非线性压力/温度方程中生效
iread_particlesource,integer,0,"托卡马克：1 读取 `profile_particlesource(psi_N)`。仿星器：1 读取同名文件，但横坐标解释为逻辑 `s=xl^2+zl^2`。两者均把第二列乘输入参数 `pellet_rate` 并与其他密度源相加，且要求 `idens=1,linear=0`"
iread_neo,integer,0,Read velocity data from NEO output；托卡马克：1 读取三类 NEO 输出和 GYRO `input.profiles`；环向速度叠加到已有 `vz`，极向速度重写 `u/chi`，非 plasma 磁区置零。仿星器：没有与 VMEC 逻辑坐标配套的专用实现，建议保持 0
ineo_subtract_diamag,integer,0,"Subtract diamag. term from input vel. when reading NEO vel.；托卡马克：仅 `iread_neo=1,db!=0` 时从 NEO 环向速度扣除离子抗磁贡献。仿星器：随 `iread_neo` 保持 0"
itaylor,integer,0,托卡马克：当三个外部平衡入口均为 0 时选择内置初始化；`itaylor=1` 进入 GS，19 为 Solovev，24 为 RWM，29/31 为 basicJ，-1 为常量场。仿星器：40 直接投影固定边界 VMEC 平衡；41 从三维 total/external field 初始化，程序不求解 VMEC 自由边界平衡；主初始化分发开关；不同几何下选择 tilting cylinder、GS、VMEC/stellarator、fixed-q、basicJ、RWM、wave/diffusion tests 等分支
iupstream,integer,0,托卡马克与仿星器：环向数值上风/稳定化开关，不选择平衡。0 关闭；1 把 `magus` 给出的人工环向二阶项加到已有系数；2 用该人工项替代相应系数。它在时间演化算子中生效
magus,real,5.e-2,托卡马克与仿星器：`iupstream=1/2` 时人工环向二阶稳定项的无量纲强度；常与局部场或速度绝对值相乘。0 不一定关闭，关闭应设 `iupstream=0`
iflip,integer,0,托卡马克与仿星器：新启动时把坐标系手性翻转，统一反号 psi、环向场、速度势和环向速度，并反号 `vloop/tcur`；这是整体坐标约定变换，不等同于单独反转 B、J 或 V。restart 路径不再次调用该初始翻转
iflip_b,integer,0,Reverse equilibrium toroidal field；托卡马克：平衡和已构造外场的环向磁场反号。仿星器：固定 VMEC 或外场初始化后同样反转环向场分量；必须确保输入场、诊断和模数符号约定一致
iflip_j,integer,0,Reverse equilibrium toroidal current；托卡马克：反转平衡极向磁通，从而反转环向电流；`icsubtract=1` 时线圈磁通也反号。gfile 负电流已自动处理，`iflip_j=1` 会中止并提示用 2 强制覆盖。仿星器：同样反转 psi 表示，通常不应把它当作重新求解电流剖面
iflip_v,integer,0,Reverse equilibrium toroidal velocity；托卡马克与仿星器：1 反转平衡环向速度；-1 把平衡环向速度清零；0 保持初始化结果。它在平衡与 NEO 速度处理完成后执行
iflip_z,integer,0,托卡马克：当前程序只在 gfile 初始化中令 `zmaxis=-zmaxis`，并未同时镜像 `psirz`、mesh 或其它场，不能视为完整的上下翻转。仿星器：VMEC/外场路径没有活动使用
icsym,integer,0,"托卡马克：控制 `eps` 初始扰动的上下对称性，0 无约束，1 仅给 U 加奇对称扰动，2 仅给 U 加偶对称扰动，3 使用确定性的 (1,1) 型扰动。仿星器：取值相同，但随机形状在逻辑网格坐标中构造后映射到物理空间"
bzero,real,1.,托卡马克：解析/GS 初始化的参考环向场，通常表示 `rzero` 处 Bphi；gfile 会以最外层 `fpol/rmaxis` 覆盖它，`profile_f` 与 GS 磁场缩放还可再次改写。仿星器：固定 VMEC 的 B 直接来自 wout，三维外场来自场文件，本参数不替代这些数据；TF 倾斜/平移解析误差场仍会用到它
bx0,real,0.,托卡马克：仅 wave、3D diffusion 等内置测试平衡的初始 x 向磁场幅值，gfile/GS 生产路径不使用。仿星器：`itaylor=40/41` 不使用
vzero,real,0.,托卡马克：若干解析初始化的环向/轴向速度标度；basicJ 用作核心平坦转动值，`itaylor=-1` 直接作为均匀环向速度。gfile/GS 的文件旋转由 Input 组控制。仿星器：VMEC/外场路径不从本参数建立旋转
phizero,real,0.,托卡马克：FRS、FTZ、eigen 等测试初始化中速度流函数 U 的扰动幅值；常规 gfile/GS 不使用。仿星器：`itaylor=40/41` 不使用
verzero,real,0.,托卡马克与仿星器：在 `init_perturbations` 中向 plasma zone 的扰动速度势加入 `R*verzero`，用于给定初始竖直速度；它是扰动层，不会改变读入平衡或 LCFS
v0_cyl,real,0.,托卡马克：只在 fixed-q/cylindrical 测试剖面中作为中心轴向速度常数项；gfile/GS 不使用。仿星器：`itaylor=40/41` 不使用
v1_cyl,real,0.,托卡马克：只在 fixed-q/cylindrical 测试剖面中作为随归一化磁通变化的速度幅值，形式为 `v0_cyl+v1_cyl*psi^beta`。仿星器：`itaylor=40/41` 不使用
idevice,integer,0,托卡马克：只服务 GS/PF 线圈场。当前程序实际实现 -1 读取 `coil.dat/current.dat`，0 使用 generic dipole；其它值进入无 PF 线圈的默认分支。仿星器：VMEC/三维场初始化不使用该设备选择
iwave,integer,0,托卡马克与仿星器生产平衡均不使用；只为 wave 测试初始化选择波支，具体可用取值随二维/三维测试例程而异
eps,real,0.01,"Magnitude of initial perturbations*；托卡马克：初始随机/确定性扰动幅度；`itor=0,irmp=2` 时还作为解析 m/n 真空场幅度。仿星器：固定 VMEC 和 total-field 路径也可用它给 plasma zone 添加初始流扰动，但不改变 wout/外场基态"
maxn,integer,200,托卡马克与仿星器：`icsym=0/1/2` 随机初始扰动的模循环上限，值越大包含的平面波越多、初始化代价越高；不控制 M3D-C1 实际环向网格分辨率
irmp,integer,0,"1: Apply nonaxisym. fields throughout plasma； 2: Apply mpol/ntor vacuum fields (itor=0 only)；托卡马克：1 读取/计算 RMP 与 error field 并投影到整个计算域；2 仅 `itor=0` 可用，在整个域评价解析 mpol/ntor 真空场。仿星器：`itaylor=41,type_ext_field=1,extsubtract=0` 已装入 total field 后会跳过第二次 RMP；固定 VMEC 或 subtraction 路径可另行调用外场处理"
rmp_atten,real,0.,"Additional exponential decay of RMP field from r=1 for irmp=2；托卡马克与仿星器环形生产路径不使用；只在 `itor=0,irmp=2` 中控制解析真空扰动从 r=1 起的指数因子。0 表示不加该衰减/增长因子"
tf_tilt,real,0.,Angle of TF from vertical (in degrees)；托卡马克：TF 线圈相对竖直方向的小倾斜角，单位度；程序据此构造非轴对称误差场并在基态后加入，不移动 mesh。仿星器：不是 VMEC 场线圈几何参数，通常保持 0
tf_tilt_angle,real,0.,Axis of rotation for TF tilt (in degrees)；托卡马克：`tf_tilt` 的旋转轴环向方位，单位度，只在 `tf_tilt!=0` 时生效。仿星器：通常不使用
tf_shift,real,0.,Horizontal shift of TF coil；托卡马克：TF 线圈水平平移幅度，用解析式生成误差场，不改变 mesh 或 GS 线圈坐标。仿星器：通常不使用
tf_shift_angle,real,0.,Direction of TF shift (in degrees)；托卡马克：`tf_shift` 的平移方向方位角，单位度，只在 `tf_shift!=0` 时生效。仿星器：通常不使用
pf_tilt,real array,0.,Angle of PF from vertical (in degrees)；托卡马克：PF 线圈逐线圈倾斜角数组，单位度；只有已经由 GS/`idevice=-1` 装载到 PF 线圈表的线圈才会产生误差场。仿星器：VMEC/外场路径没有 PF 线圈表，通常不使用；数组长度/上限：2000
pf_tilt_angle,real array,0.,Axis of rotation for PF tilt (in degrees)；托卡马克：每个 `pf_tilt(i)` 的旋转轴方位角数组，单位度，索引对应线圈组标签。仿星器：通常不使用；数组长度/上限：2000
pf_shift,real array,0.,Horizontal shift of PF coil；托卡马克：PF 线圈逐线圈水平平移数组；基于已加载线圈场导数构造非轴对称误差场，不修改轴对称 GS 线圈位置。仿星器：通常不使用；数组长度/上限：2000
pf_shift_angle,real array,0.,Direction of PF shift (in degrees)；托卡马克：每个 `pf_shift(i)` 的平移方向方位角数组，单位度。仿星器：通常不使用；数组长度/上限：2000
iread_ext_field,integer,0,1: Read external field；托卡马克：对 `type_ext_field<=0` 表示要读的 error-field 数据组数；1 读 `error_field`，大于 1 读 `error_field01...`。仿星器：`itaylor=41` 必须非零，当前读取器实际只装载索引 `iread_ext_field`，常规用法应取 1
isample_ext_field,integer,1,Factor to down-sample external field data toroidally；托卡马克：Schaffer error-field 数据的环向降采样因子。仿星器：仅场文件回退到 Schaffer 格式时使用；FIELDLINES/MGRID/HINT/MIPS 专用读取器不使用该因子
isample_ext_field_pol,integer,1,Factor to down-sample external field data poloidally；托卡马克：Schaffer error-field 数据的极向降采样因子。仿星器：仅 Schaffer 回退格式使用，专用三维场读取器不使用
scale_ext_field,real,1.,Factor to scale external field；托卡马克与仿星器：投影已读场数据时统一乘的幅值因子；会作用于该读取器装入的 `file_total_field/file_ext_field/error_field`，但不缩放 gfile 或 `itaylor=40` 直接读取的 wout 基态，也不重新求解平衡
shift_ext_field,real array,0.,Toroidal shift (in deg) of external fields；托卡马克与仿星器：各外场数据组的环向相位平移数组，单位度；3D 中通过改变取样角实现，complex 中转化为所选 `ntor` 的相位因子；数组长度/上限：8
type_ext_field,integer,-1,type of external field file；托卡马克：<=0 走 RMP/error-field；3 可从 `external_j` 电流数据求外场。仿星器：1 在 `itaylor=41` 中直接把 `file_total_field` 作为 total field；2 要求 `extsubtract=1`，先装 total field、再读 `file_ext_field` 并保存/扣除外场；`<=0` 用 tokamak RMP/error-field 分支，`=1/2` 用 stellarator/free-boundary 场文件，`=3` 从电流计算外场
file_ext_field,character(len=256),error_field,name of external field file；托卡马克：`type_ext_field<=0` 时此名称被忽略，文件名固定为 `error_field` 或 `error_fieldNN`。仿星器：`type_ext_field=2` 的真空/外部场文件；文件名前缀选择 FIELDLINES、MIPS、HINT、MGRID 读取器，其它名称按 Schaffer 格式
file_total_field,character(len=256),total_field,"name of total field file for ST；托卡马克：常规 RMP/GS 不使用。仿星器：`itaylor=41,type_ext_field=1/2` 的总磁场文件；1 直接作为基态，2 与 `file_ext_field` 组成 total-minus-external 的演化场分解"
beta,real,0.,托卡马克：仅 tilting/fixed-q 等模型平衡或测试问题中的无量纲形状/速度幂参数，不是由 gfile 得到的等离子体 beta，也不会覆盖压力。仿星器：`itaylor=40/41` 不使用
ln,real,0.,托卡马克：多个解析/测试平衡的特征径向尺度；basicJ 中是电流剖面半径，Solovev 中控制横向尺寸。它不是自然对数。仿星器：VMEC/外场平衡不使用，但 `icsym=3` 扰动包络仍可能引用
elongation,real,1.,托卡马克：仅 `itaylor=19` Solovev 解析平衡的伸长率。仿星器：VMEC 几何由傅里叶系数给出，本参数不使用
basicj_nu,real,1.,Exponent in basicj equilibrium；托卡马克：`itaylor=29/31` 电流剖面指数；若 `basicj_qa!=0` 会由 q0/qa 关系覆盖。仿星器：`itaylor=40/41` 不使用
basicj_j0,real,1.,On-axis current density in basicj equilibrium；托卡马克：basicJ 轴上电流密度幅值；若 `basicj_q0!=0`，程序用 `2*bzero/(rzero*q0)` 覆盖本值。仿星器：不使用
basicj_q0,real,0.,On-axis safety factor in basicj equilibrium (supersedes basicj_j0)；托卡马克：basicJ 轴上安全因子；非零时优先于 `basicj_j0` 并反算轴上电流。0 表示由 `basicj_j0` 反算 q0。仿星器：不使用
basicj_qa,real,0.,Edge safety factor in basicj equilibrium (supersedes basicj_nu)；托卡马克：basicJ 目标边缘安全因子；非零时覆盖 `basicj_nu`。`itaylor=31` 且显式给 `xlim!=0` 时程序会报错。仿星器：不使用
basicj_voff,real,1.,Radial extent of flat toroidal rotation in basicj equilibrium；托卡马克：basicJ 核心平坦环向速度区的径向范围；范围内速度基值为 `vzero`。仿星器：不使用
basicj_vdelt,real,1.,"Width of velocity drop-off, as fraction of ln, in basicj equilibrium；托卡马克：basicJ 平坦转动区外速度衰减宽度相对 `ln` 的系数，进入高斯型衰减分母。仿星器：不使用"
basicj_dexp,real,1.,托卡马克：basicJ 专用输运系数径向缩放函数的幂指数，配合 `basicj_dvac` 使黏性/热传导向外变化；不改变初始密度场本身。仿星器：不使用
basicj_dvac,real,1.,托卡马克：basicJ 专用输运系数缩放函数在 `r=ln` 处的目标倍率，影响相关黏性与热传导系数，不是外部真空区密度。仿星器：不使用
ibasicj_solvep,integer,0,"0: Uniform pressure, solve for F. 1: Uniform F, solve for pressure；托卡马克：仅 `itaylor=29/31`。0 使用解析压力并由给定 J 求 F；1 令 F 均匀并由 J 求压力。`itaylor=29` 的解析压力为常数，`itaylor=31` 的解析压力随半径衰减。仿星器：不使用"
inumgs,integer,0,托卡马克：0 使用程序内置解析 p、p'、F、FF' 形状；1 从固定文件 `profiles-p` 与 `profiles-g` 读取完整剖面并约束 GS。若 gfile 或 `iread_p/f` 已建立剖面，本开关不会再生效。仿星器：`itaylor=40/41` 不调用 GS，不使用
igs,integer,80,托卡马克：GS 最大 Picard 迭代次数；必须取正整数才会执行当前程序的 `1...igs` 循环，0 表示不求解。达到 `tol_gs` 可提前结束；负值在当前实现中不会产生迭代。仿星器：`itaylor=40/41` 不调用 GS，不使用
igs_pp_ffp_rescale,integer,0,Rescale p' and FF' to match p and F；托卡马克：1 仅在由 gfile 的 p、p'、F、FF' 建立约束剖面时，把 p' 与 FF' 的积分分别重标度到给定 p 与 F；同时改变 `batemanscale` 的应用顺序。0 保留文件导数。仿星器：不使用
igs_extend_p,integer,0,Extend p past Psi=1 using ne and Te profiles；托卡马克：非零时，若 ne 或 Te 剖面延伸到压力剖面末端之外，就用电子压力加保持末端 Ti 不变的离子压力延伸总压力，并重新计算 p'。0 不延伸。仿星器：不使用
igs_extend_diamag,integer,1,Extend diamagnetic rotation Psi=1；托卡马克：读取电子或 E×B 转动并换算离子转动时，0 在归一化磁通大于等于 1 处停止加入抗磁修正；非零则继续到转动样条末端。仿星器：不使用
igs_start_xpoint_search,integer,0,Number of GS its. before searching for xpoint；托卡马克：前 N 次 GS 迭代只在给定 `xnull/znull` 位置评价磁通，从第 N 次起在其附近搜索鞍点；0 表示初始化 LCFS 时即搜索。仿星器：不使用
igs_forcefree_lcfs,integer,-1,Ensure that GS solution is force-free at LCFS；托卡马克：控制 LCFS 外剖面处理。0 允许剖面按样条继续；1 在非 plasma magnetic region 令 p'、FF'、转动均为 0；2 令 p'、FF' 为 0，并把外侧转动保持为 LCFS 值。-1 会在校验时自动选 0 或 2。仿星器：不使用
nv1equ,integer,0,托卡马克：1 使非约束解析 GS 路径把 `gamma2/gamma3/gamma4` 全部置 0，跳过 q0、dJ/dpsi 和总电流约束；0 正常计算这些约束。名称中的 numvar 说明已不能完整代表当前行为。仿星器：不使用
igs_feedfac,integer,1,托卡马克：只按是否等于 1 作为 generic `idevice=0` 双 limiter 外场反馈开关；1 在第二轮以后根据两 limiter 的磁通差修正外边界场，其他值关闭。它不是连续比例系数。仿星器：不使用
eta_gs,real,1e3,Factor for smoothing nonaxisymmetries in psi in GS solve；托卡马克：仅 USE3D 编译中给 GS 矩阵加入环向导数惩罚，平滑 psi 的非轴对称分量；常规轴对称二维求解中无作用。仿星器：不使用
tcuro,real,1.,Total current in initial current filament；托卡马克：无 gfile 时是初始电流丝/高斯电流的总电流，也是非约束解析 GS 用 `gamma4` 保持的目标总等离子体电流；gfile 路径会用文件总电流覆盖。完整 p/F 约束路径不再用它重调总电流。仿星器：不使用
xmag,real,1.,R-coordinate of initial current filament；托卡马克：初始电流丝的 R 位置及磁轴搜索初猜；每次 LCFS 搜索后会更新为求得的磁轴 R。gfile 会先用 `rmaxis` 覆盖。仿星器：不使用
zmag,real,0.,Z-coordinate of initial current filament；托卡马克：初始电流丝的 Z 位置及磁轴搜索初猜；迭代中更新为求得的磁轴 Z，gfile 会先用 `zmaxis` 覆盖。仿星器：不使用
xmag0,real,0.,Target R-coordinate of magnetic axis for feedback；托卡马克：`idevice=-1` 线圈反馈的目标磁轴 R；磁轴反馈数组非零而本值为 0 时，自动取初始 `xmag`。还可被部分诊断参数引用。仿星器：不使用 GS 线圈反馈
zmag0,real,0.,Target Z-coordinate of magnetic axis for feedback；托卡马克：`idevice=-1` 线圈反馈的目标磁轴 Z；与 `xmag0` 配套，反馈是否启用由反馈数组决定。仿星器：不使用 GS 线圈反馈
xlim,real,0.,R-coordinate of limiter #1；托卡马克：内部 limiter #1 的物理 R 坐标；LCFS 候选取该点磁通。0 表示不设内部 limiter，并沿用第一壁/X 点给出的当前边界磁通。generic PF 场还用它估计小半径。仿星器：不使用
zlim,real,0.,Z-coordinate of limiter #1；托卡马克：内部 limiter #1 的物理 Z 坐标，仅在 `xlim!=0` 时与之配套评价磁通。仿星器：不使用
xlim2,real,0.,"R-coordinate of limiter #2；托卡马克：内部 limiter #2 的物理 R 坐标；大于 0 时作为第二个 LCFS 候选。`idevice=0,igs_feedfac=1` 时还与 limiter #1 的磁通差构成外场反馈。仿星器：不使用"
zlim2,real,0.,Z-coordinate of limiter #2；托卡马克：内部 limiter #2 的物理 Z 坐标，仅在 `xlim2>0` 时使用。仿星器：不使用
rzero,real,-1.,托卡马克：参考大半径，进入 F=R Bphi、旋转平衡指数和归一化；读入默认 -1，校验时环形几何改取 `xzero`，gfile 又会用 `rmaxis` 覆盖。仿星器：VMEC/外场基态不由它定义；`rzero=-1` 时，toroidal 几何取 `xzero`，其它几何取 1；若最终 `rzero<=0` 只给 warning
psifrac,real,1.,Fraction of poloidal flux from psimin to psibound used for the mesh；托卡马克：把实际归一化磁通乘以该因子后再查询所有剖面，即 `psi_profile=(psi-psiaxis)/(psiLCFS-psiaxis)*psifrac`。小于 1 会让 LCFS 只用到剖面表的内侧部分，并非裁剪 mesh。仿星器：不使用 GS 剖面坐标
libetap,real,1.2,托卡马克：只在 `idevice=0` generic 自由边界初值中，作为 Shafranov 竖直场估算的 `li/2+beta_p`；不会由一般 `idevice=-1` 线圈求解自动满足。仿星器：不使用
p0,real,0.01,托卡马克：内置解析压力剖面的轴上总压力幅值，也是密度幂律归一化和电子/离子压力分配的参考；gfile 或 `profile_p` 建立完整剖面后，其形状不再由本值控制，但直接 gfile 投影仍以它归一化解析密度。仿星器：GS 不使用；其它解析测试平衡可能复用该全局量
pi0,real,0.005,托卡马克：轴上离子压力参考值；校验阶段以 `(p0-pi0)/p0` 计算电子压力份额 `pefac`，压力外延没有 Te 文件时也用它。它不直接进入 GS 磁通源。仿星器：VMEC 初始化会从总压和 `pefac` 重设该量，GS 不使用
p1,real,0.,托卡马克：内置解析压力关于归一化磁通的轴上一次形状系数；实际 `p'(0)=p0*p1`，并参与 q0 约束系数。完整 p/F 剖面约束时不控制压力。仿星器：不使用 GS
p2,real,0.,托卡马克：内置解析压力的轴上二次形状系数；实际 `p''(0)=2*p0*p2`，并参与轴上电流梯度约束。完整 p/F 剖面约束时不生效。仿星器：不使用 GS
pedge,real,0.,Pressure outside separatrix (ignore if <= 0)；托卡马克：GS 路径中大于 0 时平移整个压力样条，使最外剖面点等于该总压力；直接 gfile 且不求 GS 时，非负值则作为常数直接加到投影压力。它不是给真空 zone 单独增加一条压力方程；`tiedge` 可随后覆盖，`tedge` 也可据密度推算。仿星器：不通过 GS 使用
tedge,real,0.,Electron temperature outside separatrix (ignore if <= 0)；托卡马克：大于 0 时设置最外电子温度；不能同时读取 Te。程序会平移 Te，并在 `pedge<=0` 时试图相应平移总压力以保持离子温度，当前实现该压力修正含明显索引/数值问题，使用前应验证。仿星器：不通过 GS 使用
tiedge,real,0.,Outermost ion temperature (ignore if <= 0)；托卡马克：大于 0 时按最外密度和 Te 重新计算 `pedge`，因此覆盖用户给定的 `pedge`，再平移总压力使最外离子温度达到目标。仿星器：不使用 GS
expn,real,0.,Density profile = p^expn；托卡马克：未读入 ne 时密度随压力的幂指数；0 给常密度，非零构造近似 `n∝p^expn`，可叠加 `den_edge`。直接 gfile 投影也用它从投影压力构造初始密度；它不进入静态无旋转 GS 方程。仿星器：GS 不使用
q0,real,1.,托卡马克：非约束解析 GS 中目标轴上安全因子，用于计算 `gamma2`；完整 gfile/profile p-F 约束或 `nv1equ=1` 时不再用它调解。仿星器：不使用
sigma0,real,0.,"托卡马克：初始等离子体电流猜测的物理 R-Z 高斯宽度；0 使用位于 `xmag,zmag` 的 delta 电流，非零使用高斯。它只影响 GS 初猜，不是最终电流剖面宽度。仿星器：不使用"
djdpsi,real,0.,托卡马克：非约束解析 GS 的目标轴上环向电流对实际磁通的导数，通过 `gamma3` 调节额外 FF' 基函数；完整剖面约束或 `nv1equ=1` 时不生效。仿星器：不使用
th_gs,real,0.8,Implicitness of GS Picard iterations；托卡马克：从第二个已求解迭代起的 Picard 松弛权重，`psi_new=th_gs*psi_solved+(1-th_gs)*psi_old`；通常应在 0 到 1 之间。仿星器：不使用
tol_gs,real,1.e-8,托卡马克：第二轮以后 GS 解变化误差 `error2` 的提前停止阈值；约束剖面的残差另用于输出/诊断，但退出判断仍看 `error2`。仿星器：不使用
psiscale,real,1.,托卡马克：当前程序只检查大于 1 时把它重置为 1，之后没有活动计算使用；不能依靠它缩放或截取磁通剖面，相关用户作用实际由 `psifrac` 完成。仿星器：不使用
pscale,real,1.,Factor multiplying pressure profile；托卡马克：在剖面来源确定后统一乘 p 与 p'；随后 `profile_pscale`、边缘压力/温度设置仍可进一步修改。仿星器：不经过 GS；固定 VMEC 压力覆盖不使用本开关
bscale,real,1.,Factor multiplying toroidal field profile；托卡马克：统一缩放 F=R Bphi 的幅值；内部对 g=(F^2-Fedge^2)/2 与 FF' 乘 `bscale^2`，对 `bzero` 乘 `bscale`，随后仍可应用 `bpscale/profile_bscale`。仿星器：不使用
batemanscale,real,1.,Bateman scaling factor for TF (keeping current density fixed)；托卡马克：gfile 路径的 Bateman 环向场缩放，目标是在改变 F/Bphi 时保持给定 FF' 或电流源关系；与 `igs_pp_ffp_rescale` 的组合决定是在读入时重构 F，还是在 GS 后缩放 `bzero`。仿星器：不使用
bpscale,real,1.,Factor multiplying F' (keeping F0 constant)；托卡马克：在保持边缘 `F0=bzero*rzero` 不变的条件下缩放 F 的偏离量，从而一致更新 g 与 FF'；不是简单给整个 Bphi 乘常数。仿星器：不使用
iread_bscale,integer,0,"1: read profile_bscale for factor to scale F；托卡马克：1 读取两列 `profile_bscale(psi_N,scale)`，逐点乘 F 后重新计算 g 与 FF'；它在常数 `bscale/bpscale` 之后执行。仿星器：不使用"
iread_pscale,integer,0,"1: read profile_pscale for factor to scale p and p'；托卡马克：1 读取两列 `profile_pscale(psi_N,scale)`，令 p→pS，并按乘积法则令 p'→p'S+pS'；在常数 `pscale` 之后执行。仿星器：不使用"
vscale,real,1.,Factor multiplying toroidal rotation profile；托卡马克：`irot!=0` 时统一乘读入或解析的基础环向角频率，之后才加入可选电子/E×B 抗磁换算。仿星器：VMEC/外场初始化不读取 GS 转动剖面
gs_vertical_feedback,real array,0.,Proportional feedback of each coil to vertical displacements；托卡马克：`idevice=-1` 时按线圈组给出的磁轴 Z 误差比例反馈系数数组；索引对应 `coil.dat` 的 coil group，电流在每轮 GS 后更新。仿星器：不使用；数组长度/上限：2000
gs_radial_feedback,real array,0.,Proportional feedback of each coil to radial displacements；托卡马克：`idevice=-1` 时按线圈组给出的磁轴 R 误差比例反馈系数数组，与 `xmag-xmag0` 相乘。仿星器：不使用；数组长度/上限：2000
gs_vertical_feedback_i,real array,0.,Integral feedback of each coil to vertical displacements；托卡马克：磁轴 Z 误差的积分反馈系数数组；误差逐 GS 迭代累加，不含时间步长。仿星器：不使用；数组长度/上限：2000
gs_radial_feedback_i,real array,0.,Integral feedback of each coil to radial displacements；托卡马克：磁轴 R 误差的积分反馈系数数组；误差逐 GS 迭代累加，不含时间步长。仿星器：不使用；数组长度/上限：2000
gs_vertical_feedback_x,real array,0.,Proportional feedback of each coil to vertical displacements；托卡马克：X 点 Z 误差的比例线圈反馈系数数组；仅 `idevice=-1`、X 点反馈数组非零且迭代次数大于 10 时生效。仿星器：不使用；数组长度/上限：2000
gs_radial_feedback_x,real array,0.,Proportional feedback of each coil to radial displacements；托卡马克：X 点 R 误差的比例线圈反馈系数数组；与 `xnull-xnull0` 相乘，迭代次数必须大于 10。仿星器：不使用；数组长度/上限：2000
gs_vertical_feedback_x_i,real array,0.,Integral feedback of each coil to vertical displacements；托卡马克：X 点 Z 误差的积分反馈系数数组；从第 11 次迭代起累计。仿星器：不使用；数组长度/上限：2000
gs_radial_feedback_x_i,real array,0.,Integral feedback of each coil to radial displacements；托卡马克：X 点 R 误差的积分反馈系数数组；从第 11 次迭代起累计。仿星器：不使用；数组长度/上限：2000
irot,integer,0,"Include toroidal rotation；托卡马克：0 不把环向旋转纳入平衡；1 采用 `p(R,psi)=p0(psi) exp[alpha(psi)(R^2-rzero^2)/rzero^2]` 修改 GS 压力源并输出转动场。其它非零值会建立转动场，但只有等于 1 才进入该旋转 GS 公式。仿星器：不使用 GS 转动平衡"
iscale_rot_by_p,integer,1,"0: omega^2 = 2.*p0*(alphai * Psi^i)/n0； 1: omega^2 = 2.*(alphai * Psi^i)/n0, 2: omega^2 = 2.*(alphai * Psi^i), alphai = a0 + a1*exp(-((psii-a2)/a3)**2)；托卡马克：只在未读入转动文件时选择解析转动参数化。0 先令 alpha 多项式乘 n/p；1 直接用多项式并把边缘 omega 减到 0；2 使用高斯 alpha 后乘 n/p。仿星器：不使用"
alpha0,real,0.,Constant term in analytic rotation profile；托卡马克：解析 alpha 剖面的常数项；`iscale_rot_by_p=2` 时为高斯背景项。只有 `irot!=0` 且未读转动文件时使用。仿星器：GS 不使用；其它测试平衡可能复用该全局量
alpha1,real,0.,Linear term in analytic rotation profile；托卡马克：解析 alpha 剖面的一次项；模式 2 时为高斯幅值。仿星器：GS 不使用
alpha2,real,0.,Quadratic term in analytic rotation profile；托卡马克：解析 alpha 剖面的二次项；模式 2 时为高斯中心 `psi_N`。仿星器：GS 不使用
alpha3,real,0.,Cubic term in analytic rotation profile；托卡马克：解析 alpha 剖面的三次项；模式 2 时为高斯宽度且不可为 0。仿星器：GS 不使用
idenfunc,integer,0,托卡马克：选择 GS 后的平衡密度重写方式。0/4 保留 GS/profile 建立的密度；1 用磁通外侧 tanh 台阶，2 在 `den0` 与 `den_edge` 间作 tanh 过渡，3 在场评价中按磁通与梯度方向区分核心/外侧；程序还实现 20 及专用 21。它不改变无旋转 GS 磁通。仿星器：VMEC/外场可经过通用密度重写，但 1-3 的磁通判据面向托卡马克，不建议直接套用
den_edge,real,0.,托卡马克：未读取 ne 时的外侧密度；大于 0 可加到压力幂律剖面或作为 `idenfunc=2/3` 的外侧值。与非零 `iread_ne` 冲突；与 `pedge`、`tedge` 三者不能同时显式设置。仿星器：通用密度/输运代码可能复用，但不属于 VMEC 平衡求解
den0,real,1.,托卡马克：解析密度的核心幅值；`expn=0` 时 GS 剖面为常数 den0，`idenfunc` 1/2/3 又把它作为核心/台阶幅值。仿星器：可能用于固定 VMEC 无外部密度文件时的默认密度，但不进入 GS
dendelt,real,0.1,托卡马克：`idenfunc=1/2` 的归一化磁通 tanh 过渡宽度；越小过渡越尖，需要相应网格分辨率。仿星器：不建议用于 VMEC 逻辑域的物理壁定义
denoff,real,1.,托卡马克：`idenfunc=1/2/3` 的归一化磁通偏移位置；1/2 决定 tanh 中心，3 决定核心判据阈值。仿星器：不建议作为 VMEC 边界定义
divertors,integer,0,"托卡马克：generic/线圈真空场中额外电流丝数；0 无，1 在 `xdiv,zdiv`，2 再在 `xdiv,-zdiv` 放置对称电流丝。它不是 X 点数量开关。仿星器：不使用"
xdiv,real,0.,托卡马克：附加 divertor 电流丝的物理 R 坐标，仅 `divertors>=1` 使用。仿星器：不使用
zdiv,real,0.,托卡马克：第一附加 divertor 电流丝的物理 Z 坐标；`divertors=2` 时第二根位于其相反 Z。仿星器：不使用
divcur,real,0.1,托卡马克：每根附加 divertor 电流丝相对 `tcuro` 的电流比例，实际线圈源用 `tcuro/(2pi)*divcur`。仿星器：不使用
xnull,real,0.,Guess for R-coordinate of active x-point；托卡马克：X 点 #1 的物理 R 初猜；大于 0 才启用。搜索前可只在该点取磁通，搜索启动后在附近找鞍点，并把所得磁通作为 LCFS 候选。仿星器：不使用
znull,real,0.,Guess for Z-coordinate of axtive x-point；托卡马克：X 点 #1 的物理 Z 初猜，与 `xnull>0` 配套。仿星器：不使用
mod_null_rs,integer,0,"if 1, you can modify xnull,znull at restart；托卡马克 restart：0 用 restart 文件保存的 X 点 #1 坐标覆盖 C1input；1 保留本次 C1input 中的 `xnull/znull`。新启动 GS 不受此开关影响。仿星器：通常不使用"
xnull2,real,0.,Guess for R-coordinate of inactive x-point；托卡马克：X 点 #2 的物理 R 初猜；大于 0 时与第一个 X 点同样搜索并参与 LCFS 候选比较，程序不会强制它保持 inactive。仿星器：不使用
znull2,real,0.,Guess for Z-coordinate of inaxtive x-point；托卡马克：X 点 #2 的物理 Z 初猜，与 `xnull2>0` 配套。仿星器：不使用
mod_null_rs2,integer,0,"if 1, you can modify xnull2,znul2l at restart；托卡马克 restart：0 用 restart 文件坐标覆盖 X 点 #2 输入；1 保留本次 C1input 的 `xnull2/znull2`。仿星器：通常不使用"
gs_pf_psi_width,real,0.,Width of psi smoothing into private flux region；托卡马克：私有磁通区把归一化磁通镜像到 LCFS 外侧时的 tanh 平滑宽度；0 使用尖锐镜像，正值使转接平滑。只影响 private-flux 剖面取样。仿星器：不使用
xnull0,real,0.,Target R-coordinate of x-point for feedback；托卡马克：`idevice=-1` X 点线圈反馈的目标 R；X 点反馈数组非零而本值为 0 时自动取初始 `xnull`，实际反馈从第 11 轮开始。仿星器：不使用
znull0,real,0.,Target Z-coordinate of x-point for feedback；托卡马克：X 点线圈反馈的目标 Z，与 `xnull0` 配套。仿星器：不使用
adapt_qs,real array,0.,Safety factor values to pack around；托卡马克：尽管程序把它注册在 GS 参数组，实际属于 Mesh Adaptation；给出要加密的安全因子 q 值数组，需启用自适应及 q 打包逻辑。仿星器：没有由 GS 生成的轴对称 q 面，通常不使用；数组长度/上限：32
adapt_zlow,real,0.,Z-coordinate below which SOL adaptation is coarse；托卡马克：实际属于 Mesh Adaptation；非零时把 Z 小于该值的 SOL 区域标为粗化候选，不参与 GS 方程。仿星器：逻辑/物理坐标适用性需单独验证
adapt_zup,real,0.,Z-coordinate above which SOL adaptation is coarse；托卡马克：实际属于 Mesh Adaptation；非零时把 Z 大于该值的 SOL 区域标为粗化候选，不参与 GS 方程。仿星器：逻辑/物理坐标适用性需单独验证
numvar,integer,3,1: 2-Field; 2: 4-Field; 3: 6-Field；1: 2-field；2: 4-field/reduced MHD；3: 6-field/compressible MHD
linear,integer,0,1: Use linearized equations；0 非线性；1 线性化方程。2D 非线性通常需 RL=1；线性/complex 需 COM=1 且 `nplanes=1`
eqsubtract,integer,0,1: Subtract equilibrium fields；托卡马克与仿星器：在时间演化方程中扣除已初始化的平衡场，使 0 层作为参考基态；线性模拟会在校验阶段强制为 1。它不改变平衡读取和投影结果
extsubtract,integer,0,"1: Subtract fields from non-axisymmetric coils；托卡马克：1 把 RMP/error field 保存为独立外场，而不是直接写入扰动场。仿星器：`itaylor=41,type_ext_field=2` 必须为 1，程序先读 total field，再读 external field，并把 total-external 作为动态场"
icsubtract,integer,0,1: Subtract fields from poloidal field coils；托卡马克：1 把 PF 线圈磁通与等离子体磁通分开保存；求总磁场/磁区时仍会重新相加。0 直接把线圈磁通加入 `psi_field(0)`。仿星器：没有对应的 VMEC 线圈分解路径，通常保持 0
idens,integer,0,1: Include density equation
ipres,integer,0,1: Include total pressure equation
ipressplit,integer,0,1: Separate pressure solves from field solves；仅 `isplitstep=1` 且 `numvar=3` 时允许；把压力/温度求解从场求解分离
itemp,integer,0,1: Advance Temperatures rather than Pressures；1 时推进温度而不是压力；要求 `ipressplit=1`，且 `z_ion` 必须为 1
iadiabat,integer,1,1: Correct itemp=1 for time-varying density
gyro,integer,0,1: Include Braginskii gyroviscosity
igauge,integer,0,选择矢势规范相关的数值处理。当前活动方程只在非零时加入规范约束/稳定项；常规算例保持 0。托卡马克与仿星器使用同一场表示
inertia,integer,1,1: Include V.Grad(V) terms
itwofluid,integer,1,"1: -electron 2F, 2: ion 2F"
ibootstrap,integer,0,托卡马克：0 关闭；1 按 psi 读取 bootstrap 系数，2 按 Te，3 按 `1-Te/Temax` 并使用扩展系数文件。它在平衡完成后的磁通/环向场演化方程中加入 bootstrap 项，不覆盖初始电流。仿星器：没有专用 VMEC/ST bootstrap 初始化，除非已验证模型与系数，否则保持 0
irunaway,integer,0,非零时增加 runaway-electron 密度场及其电流耦合；需要同时设置 `cre/radiff/rjra` 等参数。两种装置使用同一演化方程，但初始场和磁场几何来自各自平衡
cre,integer,0,runaway-electron 沿磁场特征线的传播速度输入，读入后按速度归一化换算；仅 `irunaway!=0` 使用
ra_cyc,integer,1,每个 MHD 时间步内 runaway 特征线/粒子推进的子循环次数；增大它可缩短 runaway 子步而不改变 MHD 的 `dt`
radiff,real,0.,runaway-electron 密度方程的扩散系数，进入 `div(radiff grad(n_RE))`；仅 `irunaway!=0` 使用
rjra,real,1.,runaway 电流反馈到广义 Ohm 定律/总电流时的幅值系数；1 使用模型电流，0 去掉该反馈
ra_characteristics,integer,0,1: Use the method of characteristics to advance the RE advection equation
bzsign,real,0.,runaway 平行传播方向所用的背景环向磁场符号；0 时由初始磁场自动判断，显式正负值用于覆盖自动结果
imp_bf,integer,0,1: Include implicit equation for f
imp_temp,integer,0,1: Include implicit equation for temperature
nosig,integer,0,非零时抑制密度源 `sigma` 对部分动量/温度方程的伴随项；用于源项模型诊断，不会关闭密度方程中的粒子源本身
itor,integer,0,1: Use toroidal geometry
iohmic_heating,integer,1,1: Include Ohmic heating
irad_heating,integer,1,1: Include radiation heat source
gravr,real,0.,R 方向的恒定体加速度，作为密度乘以加速度的动量源；0 表示无该外力。托卡马克和映射后的仿星器均使用物理柱坐标 R
gravz,real,0.,Z 方向的恒定体加速度，作为密度乘以加速度的动量源；0 表示无该外力
istatic,integer,0,1: Do not advance velocity fields
iestatic,integer,0,1: Do not advance magnetic fields
chiiner,real,1.,六场模型中压缩速度势 `chi` 的惯性项乘子；1 为完整项，减小它可改变压缩分量的数值时间尺度
ieq_bdotgradt,integer,1,决定温度方程平行导热是否保留平衡场的 `B dot grad(T)` 贡献；用于平衡减除/线性化时控制平衡项
iwall_is_limiter,integer,1,1 = Wall acts as limiter
no_vdg_T,integer,0,1: do not include V dot grad T in Temp equation (debug)
ibootstrap_model,integer,0,"1: J_BS = alpha F <p,psi> B；托卡马克：1/3 选 Sauter-Angioni，2/4 选 Redl，3/4 为简化方程实现，5 为 constant-Lambda；应与非零 `ibootstrap` 配套。`ibootstrap=3` 配模型 1/3 当前会停止。仿星器：没有专用三维 bootstrap 平衡闭合；选择 bootstrap closure：1/3 为 Sauter & Angioni，2/4 为 Redl，5 为 constant-Lambda 分支"
bootstrap_alpha,real,0.,alpha parameter in bootstrap current model；托卡马克：bootstrap 项的统一幅值乘子，默认 0；打开 `ibootstrap/model` 后仍需给非零值才有驱动。仿星器：仅在自行验证并启用同一演化闭合时有意义
ibootstrap_regular,real,1e-8,Regularization parameter Default=1e-8；托卡马克：bootstrap 计算中小 Bp、温度梯度和归一化温度的正则化尺度，默认 `1e-8`，不表示电流比例。仿星器：只有启用并验证 bootstrap 路径时使用
kinetic,integer,0,"1: Use kinetic PIC; 2: CGL incompressible; 3: CGL；1: kinetic PIC hot ion pressure；2: incompressible CGL；3: full CGL。2/3 要求 linear=1,isplitstep=0,ipres=1,itemp=0,ipressplit=0"
ivisfunc,integer,0,选择各向同性粘性空间模型：0 常数；1/2 磁通 tanh 边缘层；3/4 预计算场；10/11 读 `profile_amu`；12 专用 basicJ；21 为 USEST 逻辑 rho 模型
amuoff,real,0.,`ivisfunc=1/2/21` 的粘性过渡位置；1/2 使用归一化磁通坐标，21 使用逻辑 rho
amudelt,real,0.,输运系数相关宽度/方差参数，用于定义剖面过渡层、Gaussian 分布或数值平滑尺度
amuoff2,real,0.,`ivisfunc=2` 第二个 tanh 过渡中心；只有它与 `amudelt2` 都非零时才加入第二层
amudelt2,real,0.,输运系数相关宽度/方差参数，用于定义剖面过渡层、Gaussian 分布或数值平滑尺度
amu,real,0.,Isotropic viscosity
amuc,real,0.,Compressional viscosity
amue,real,0.,电子/自举电流闭合使用的粘性系数；不代替流体动量方程的 `amu`
amupar,real,0.,Parallel viscosity
amu_edge,real,0.,粘性边缘增量或外侧幅值，配合 `ivisfunc=1/2/21`；最终各向同性粘性还包含基值 `amu`
amu_wall,real,0.,靠近 wall-distance 场时附加的粘性幅值；按 `amu_wall_off/amu_wall_delt` 的 tanh 层叠加到其它粘性模型
amu_wall_off,real,0.,壁面附加粘性层在 wall-distance 坐标中的中心位置
amu_wall_delt,real,0.1,输运系数相关宽度/方差参数，用于定义剖面过渡层、Gaussian 分布或数值平滑尺度
iresfunc,integer,0,选择 plasma zone 电阻率模型：0 Spitzer 型；1 磁通 tanh；2-4 预计算场；5 简化新古典；10/11 读 `profile_eta`；21 为 USEST 逻辑 rho 模型。conductor/vacuum zone 不用此开关
etaoff,real,0.,电阻率 tanh 过渡位置；`iresfunc=1` 使用磁通，`iresfunc=21` 使用逻辑 rho
etadelt,real,0.,输运系数相关宽度/方差参数，用于定义剖面过渡层、Gaussian 分布或数值平滑尺度
etar,real,0.,Isotropic resistivity
eta0,real,0.,温度依赖或 tanh 电阻率的幅值；`iresfunc=0` 中形成 `eta0(Te-eta_te_offset)^(-3/2)`
eta_fac,real,1.,Uniform resistivity multiplier
eta_mod,integer,0,1 = remove d/dphi terms in resistivity
eta_te_offset,real,0.,Offset in Te when calculating eta
ikprad_te_offset,integer,0,"If 1, eta_te_offset also applied to kprad"
eta_max,real,0.,Maximum value of resistivity in the plasma region；若 <=0，校验阶段置为 `eta_vac`；`eta_max<=0` 时改为 `eta_vac`
eta_min,real,0.,Minimum value of resistivity in the plasma region；若 <=0，校验阶段置为 0；`eta_min<=0` 时改为 0
ikappafunc,integer,0,选择各向同性热输运模型：0 温度依赖；1/2 磁通 tanh；3 反比于 `sqrt(p n)`；4 梯度依赖；5 预计算场；10/11 读 `profile_kappa`；12 专用模型；21 为 USEST 逻辑 rho
ikapparfunc,integer,0,选择平行热导：0 常数 `kappar`；1 用 `tcrit` 低温抑制；2 使用按 `Te^(5/2)` 计算并受上下限约束的预计算场
ikapscale,integer,0,1 时令平行热导场按局部各向同性 `kappa` 缩放，即使用 `kappar*kappa(x)`；0 时按 `ikapparfunc` 单独构造
ikappar_ni,integer,1,Include 1/n terms in parallel heat flux
kappaoff,real,0.,`ikappafunc=1/2/21` 的热导 tanh 过渡中心；坐标分别为磁通或 USEST 逻辑 rho
kappadelt,real,0.,输运系数相关宽度/方差参数，用于定义剖面过渡层、Gaussian 分布或数值平滑尺度
kappat,real,0.,Isotropic thermal conductivity
kappa0,real,0.,所选各向同性热导函数的可变部分幅值；最终系数通常还加常数 `kappat`
kappar,real,0.,Parallel thermal conductivity
kappari_fac,real,1.,Ion parallel thermal conductivity factor
tcrit,real,0.,`ikapparfunc=1` 的低温转折温度，平行热导为 `kappar/[1+(tcrit/Te)^(5/2)]`
k_fac,real,1.,multiplies toroidal field in denominator of PTC
kappax,real,0.,交叉场热输运系数；普通 CPU、非 USEPARTICLES 方程中耦合压力与环向磁场，GPU 对应块被注释，USEPARTICLES 路径也排除该项
kappah,real,0.,在各向同性热导上附加边界层 `kappah*tanh^2[(psi_N-1)/0.2]`；`ikappafunc=5` 时不加
kappag,real,0.,Thermal diffusion proportional to pressure gradient；CPU 压力方程中的非线性梯度热流系数，形式含 `-kappag*|grad(p)|^2 grad(p)` 与阈值补偿项；GPU 对应块被注释。当前阈值掩码实际比较 `p^2` 与 `gradp_crit^2`
kappaf,real,1.,Factor to multiply kappa when grad(p) < gradp_crit
gradp_crit,real,0.,Critical pressure gradient in kappag/kappaf models
kappa_max,real,0.,Maximum value of kappa in the plasma region；若 <=0，校验阶段置为 `kappar`；`kappa_max<=0` 时改为 `kappar`
kappar_max,real,0.,Maximum value of kappa in the plasma region；若 <=0，校验阶段置为 `kappar`；`kappar_max<=0` 时改为 `kappar`
kappar_min,real,0.,Maximum value of kappa in the plasma region；若 <=0，校验阶段置为 `kappar`；`kappar_min<=0` 时改为 `kappar`
temin_qd,real,0.,Min. Temp. used in Equipartition term for ipres=1
kappai_fac,real,1.,Factor to multiply kappa when evaluating ion perp. thermal diffusivity
idenmfunc,integer,0,选择主离子密度扩散：0 常数 `denm`；1 使用预计算温度依赖场并限幅；10/11 从 `profile_denm` 读 SI/归一化剖面
denm,real,0.,Density diffusion coefficient
denmt,real,0.,Temperature dependent density diffusion coefficient
denmmin,real,0.,Minimum density diffusion coefficient
denmmax,real,1.e6,Maximum density diffusion coefficient
deex,real,1.,超扩散的参考长度/网格尺度；当 `ihypdx!=0` 时所有 hyper 输入乘 `deex^ihypdx`
hyper,real,0.,磁通/极向磁场方程的超电阻率系数，抑制高波数电流结构；0 关闭该项
hyperc,real,0.,压缩/极向速度势方程的超粘性系数；只在相应速度未知量存在时生效
hyperi,real,0.,环向磁场未知量的超扩散系数；`numvar>=2` 才有对应场
hyperp,real,0.,压力或温度方程的超扩散系数；需要实际推进压力/温度未知量
hyperv,real,0.,环向速度方程的超粘性系数；`numvar>=2` 且速度未冻结时使用
ihypdx,integer,0,hyper 系数的长度缩放指数：0 不缩放，非零时 `lambda_eff=lambda_input*deex^ihypdx`。当前默认 0
ihypeta,integer,1,磁超扩散的空间乘子：0 常数；1 乘电阻率；2 乘压力；大于 2 使用压力与指定磁扰动谐波构造乘子，并要求不超过 `ibh_harmonics`
ihypkappa,integer,1,1 时压力/温度 hyper 系数乘局部热导率，0 时保持输入常数
imp_hyper,integer,0,1: implicit hyper-resistivity in psi equation
isurface,integer,1,控制分部积分后 Galerkin 弱式中的外边界表面积分；1 保留，0 去掉。它不选择边界位置，位置来自 mesh/model 分类
icurv,integer,2,边界几何曲率处理阶数/开关；大于 0 时使用曲边几何信息，常规高阶曲边网格保持默认 2
nonrect,integer,1,1 表示非矩形/一般边界并关闭矩形快捷假设；0 仅适合边界拓扑确为规则矩形的测试网格
ifixedb,integer,0,1: Force psi=0 on boundary；托卡马克：GS 外边界开关；大于等于 1 时把计算域外边界磁通置 0，0 时使用已建立的 plasma/PF 线圈真空场边界值并允许 LCFS 在域内更新。仿星器：VMEC/外场初始化不通过它选择固定或自由边界
com_bc,integer,0,1 时给压缩速度势 `chi` 增加 `nabla^2 chi=0` 的边界约束
vor_bc,integer,0,1 时给极向速度势 `U` 增加 `Delta* U=0` 的涡量边界约束
iconst_p,integer,1,1: Hold pressure constant on boundary
iconst_n,integer,1,1: Hold density constant on boundary
iconst_t,integer,1,1: Hold temperature constant on boundary
iconst_bn,integer,1,1: Hold normal field constant on boundary
iconst_bz,integer,0,1: Hold toroidal field constant on boundary
inograd_p,integer,0,1 对压力施加零法向梯度 Neumann 条件；不要与同一压力场的固定值条件重复指定
inograd_t,integer,0,1 对温度施加零法向梯度 Neumann 条件
inograd_n,integer,0,1 对主离子密度施加零法向梯度 Neumann 条件
inonormalflow,integer,1,1: No-normal-flow boundary condition
inoslip_pol,integer,1,1: No-slip boundary condition on pol. velocity
inoslip_tor,integer,1,1: No-slip boundary condition on tor. velocity
inostress_tor,integer,0,1 对环向速度施加零法向导数/无切向应力条件；与 `inoslip_tor=1` 是不同选择
inocurrent_pol,integer,0,1 通过环向磁场变量的法向导数约束使边界极向电流为零
inocurrent_tor,integer,0,1 通过 `Delta*psi=0` 型边界约束使环向电流为零
inocurrent_norm,integer,0,1 对三维磁场变量施加组合边界条件，使法向电流为零；会改变 `psi/bz` 的边界掩码组合
ifbound,integer,-1,"Boundary condition on 'f' field. 1 = Dirichlet, 2 = Neumann；-1 表示校验后按编译版本设置：complex 为 2，real 为 1；`ifbound=-1` 时，complex 版本默认 2，real 版本默认 1"
iconstflux,integer,0,非线性推进中重新缩放环向磁场以保持总环向磁通；0 不做该全局修正
iper,integer,0,1: Periodic boundary condition in R direction
jper,integer,0,1: Preiodic boundary condition in Z direction
tebound,real,-1.,大于 0 时，在标记为 first-wall 的边界把电子温度固定为该归一化值；负值保留初始边界值
tibound,real,-1.,大于 0 时，在 first-wall 边界把离子温度固定为该归一化值；仅双温模型有独立作用
eta_wall,real,1e-3,Resistivity of conducting wall region
eta_wallRZ,real,-1.,Resistivity of conducting wall region；-1 表示校验后取 `eta_wall`；`eta_wallRZ<0` 时改为 `eta_wall`
eta_vac,real,1.,Resistivity of vacuum region
iwall_breaks,integer,0,Number of wall break regions
eta_break,real array,1.,Resistivity of wall break；数组长度/上限：20
wall_break_xmin,real array,0.,Minimum x coordinate for wall break；数组长度/上限：20
wall_break_xmax,real array,0.,Maximum x coordinate for wall break；数组长度/上限：20
wall_break_zmin,real array,0.,Minimum z coordinate for wall break；数组长度/上限：20
wall_break_zmax,real array,0.,Maximum z coordinate for wall break；数组长度/上限：20
wall_break_phimin,real array,0.,Minimum phi coordinate for wall break；数组长度/上限：20
wall_break_phimax,real array,0.,Maximum phi coordinate for wall break；数组长度/上限：20
iwall_regions,integer,0,Number of resistive wall regions
wall_region_eta,real array,1e-3,Resistivity of each wall region；数组长度/上限：20
wall_region_etaRZ,real array,-1.,Poloidal Resistivity of each wall region；-1 表示校验后逐区域取对应 `wall_region_eta(i)`；每个 `wall_region_etaRZ(i)<0` 时改为对应 `wall_region_eta(i)`；数组长度/上限：20
eta_zone,real array,0.,Resistivity of mesh zone；托卡马克：为 `zone_type(i)=2` 的导体 zone 指定标量电阻率，正值优先于全局 `eta_wall`；适合显式第一壁/导体区域。仿星器：数值优先级相同，但只有用户事先设计了与 VMEC/bloat 映射后物理位置一致的导体 zone 才有物理意义；数组长度/上限：100
etaRZ_zone,real array,0.,Poloidal resistivity of mesh zone；托卡马克：为导体 zone 指定极向电阻率，正值优先于 `eta_zone`，否则回退到全局 `eta_wallRZ`。仿星器：用法相同，但程序不会检查该 zone 是否真的对应物理导体壁；数组长度/上限：100
wall_region_filename,character(len=256) array,"""""",Resistivity of each wall region；字符数组；每个 wall region 轮廓点文件名；数组长度/上限：20
eta_rekc,real,0.,Resistivity of runaway-electron killer coil (REKC)
ntor_rekc,integer,0,Toroidal mode number of REKC
mpol_rekc,integer,0,Poloidal mode number of REKC
isym_rekc,integer,0,"if nonzero, a double helix"
phi_rekc,real,0.,Toroidal angle of fixed point of REKC
theta_rekc,real,0.,Poloidal angle of fixed point of REKC
sigma_rekc,real,0.,Angular half-width of REKC
rzero_rekc,real,0.,R0 for computing theta of REKC
zzero_rekc,real,0.,Z0 for computing theta of REKC
ntimemax,integer,20,Total number of timesteps
integrator,integer,0,时间离散选择：0 为 theta/Crank-Nicolson 家族；1 为 BDF2，且程序把 `thimp` 强制为 1，首步使用一阶隐式启动
isplitstep,integer,1,0: Unsplit time step; 1: Split time step
iteratephi,integer,0,分裂推进中，更新密度/输运后再重算一次磁场推进；只用于非线性分裂步，线性模式禁止
imp_mod,integer,1,Type of split step. 0: Standard; 1: Caramana；当前默认 1。0: standard/theta implicit；1: Caramana split-step 形式；`isplitstep=0` 时校验阶段强制 `imp_mod=0`
caramana_fac,real,1.,Coefficient for the explicit term in Caramana method. 1: Caramana; 0: implicit
idiff,integer,0,"only solve for difference in B,p"
idifv,integer,0,only solve for difference in v
irecalc_eta,integer,0,分裂步密度求解后重新计算输运系数，使电阻率等使用更新后的密度/温度
iconst_eta,integer,0,1 时冻结初始电阻率场，不随温度/密度演化重新构造
itime_independent,integer,0,线性模式下去掉普通时间导数并求频域/稳态响应；程序同时令 `thimp=1`，`frequency` 给出复频率
thimp,real,0.5,Implicitness of timestep (.5<thimp<1)
thimpsm,real,1.,平滑器/辅助隐式项使用的 theta 权重，与主时间离散的 `thimp` 分开
harned_mikic,real,0.,二场模型的 Harned-Mikic 数值稳定项系数；0 关闭，非零时抑制特定高速/高频耦合
isources,integer,0,1 时把粒子注入等源项导致的动量修正放入速度推进；要求计算标量诊断以取得所需全局量
nskip,integer,1,有限元系统矩阵重建的时间步间隔；1 每步重建，较大值在系数变化慢时复用矩阵
pskip,integer,0,控制预条件器重算与复用周期；默认值为 0
iskippc,integer,1,后端线性求解中预条件器可复用的调用次数/周期控制；与分裂步层面的 `pskip` 分开
dt,real,0.1,Size of time step
ddt,real,0.,时间推进参数，用于设置时间步长及其允许变化范围
frequency,real,0.,Frequency in time-independent calculations
gamma_gr_stop,integer,0,Stop linear simulation when growth rate gamma is converged
nt_gamma_gr,integer,10,Number of time steps considered for gamma convergence check
gamma_gr_stop_std,real,0.01,Standard deviation under which gamma is considered converged
dtmin,real,4.0,minimum time step
dtmax,real,40.,maximum time step
dtkecrit,real,0.0,ekin limit on timestep
dtfrac,real,0.1,fractional change of time step
max_repeat,integer,1,maximum number of times a time step can be attempted
ksp_max,integer,10000,maximum number of ksp iterations without repeating time step
ksp_min,integer,500,time step is increased if max ksp iterations is less than this
ksp_warn,integer,1000,time step is reduced if max ksp iterations exceeds this
jadv,integer,1,Use Del*(psi) eqn. instead of psi eqn.；1 使用环向电流密度方程代替极向磁通方程；默认值为 1
int_pts_main,integer,25,主演化弱式在每个二维三角形上的 Gaussian 积分点数；必须是程序已实现的 Dunavant 阶数
int_pts_aux,integer,25,辅助场投影/构造所用的二维积分点数；提高它增加后处理与系数构造成本
int_pts_diag,integer,25,标量和诊断积分使用的二维积分点数
int_pts_tor,integer,5,三维棱柱在环向 Hermite 方向的积分点数；非 3D 编译会强制为 1，且与二维点数乘积不能超过内部上限
max_ke,real,1.,Value of ke at which linear sims are rescaled；(ignore if 0)
equilibrate,integer,0,数值选项相关速率/源强参数，表示注入、损失、冷却、控制或演化的强度
regular,real,0.,小分母/坐标奇点的正则化尺度；USEST 逻辑 rho 模型使用 `sqrt(rho^2+regular^2)`，压缩势方程也复用该量
iset_pe_floor,integer,0,1: Do not let pe drop below pe_floor
pe_floor,real,0.,Minimum allowed value for pe when iset_pe_floor=1
iset_pi_floor,integer,0,1: Do not let pi drop below pi_floor
pi_floor,real,0.,Minimum allowed value for pi when iset_pi_floor=1
iset_ne_floor,integer,0,1: Do not let ne drop below ne_floor
ne_floor,real,0.,Minimum allowed value for ne when iset_ne_floor=1
iset_ni_floor,integer,0,1: Do not let ni drop below ni_floor
ni_floor,real,0.,Minimum allowed value for ni when iset_ni_floor=1
iset_te_floor,integer,0,1: Do not let Te drop below te_floor
te_floor,real,0.,Minimum allowed value for Te when iset_te_floor=1
iset_ti_floor,integer,0,1: Do not let Ti drop below ti_floor
ti_floor,real,0.,Minimum allowed value for Ti when iset_ti_floor=1
iprecompute_metric,integer,0,1: precompute full metric tensor
solver_tol,real,1e-9,solver tolerance
solver_type,integer,0,Solver type
num_iter,integer,100,Maximum number of iterations
isolve_with_guess,integer,0,newsolve with nonzero initial guess
krylov_solver,character(len=50),gmres,Krylov solver
preconditioner,character(len=50),dom_decomp,Preconditioner
sub_dom_solver,character(len=50),ilu,Subdomain solver in preconditioner
subdomain_overlap,integer,1,subdomain overlap
graph_fill,integer,0,graph fill level
drop_tolerance,real,0.0,ILU drop tolerance
ilu_fill_level,real,1.0,ILU fill level
ilu_omega,real,1.0,Relaxation parameter for rILU
poly_ord,integer,1,Polynomial order for certain preconditioners
iadapt,integer,0,SCOREC 网格自适应总模式：0 关闭；1 初始化按磁通；2 推进中按误差；3 两者结合；4 初始化和推进均可按误差
ispradapt,integer,0,1 启用 SPR 梯度恢复自适应，并在推进阶段替代普通 residual/error 路径
isprntime,integer,10,SPR 自适应的时间步调用周期
isprweight,real,0.1,SPR 恢复误差转换为目标尺寸时的权重，控制细化强度
isprmaxsize,real,0.05,SPR 目标尺寸场允许的最大单元尺寸
isprrefinelevel,integer,1,一次 SPR 调用允许的最大细化层级
isprcoarsenlevel,integer,-1,一次 SPR 调用允许的粗化层级；负值表示使用实现的默认/不强制粗化
iadapt_writevtk,integer,0,1 在自适应阶段写出 VTK 调试网格/尺寸场
iadapt_writesmb,integer,1,1 写出 SCOREC `.smb` 自适应网格快照，便于重启或检查
iadapt_useH1,integer,0,1 用 H1 型误差度量替代默认高阶度量构造目标尺寸
iadapt_removeEquiv,integer,0,1 在误差估计前去掉环向等价节点/重复贡献，供周期网格的专用适配路径使用
adapt_target_error,real,0.0001,普通误差自适应的目标/触发误差；估计误差未超过它时不换网格
adapt_ke,real,0.0,线性计算中触发动态自适应的动能阈值；0 不使用该触发条件
iadapt_ntime,integer,0,普通动态自适应检查的时间步周期；非线性且为 0 时当前流程可每步检查
iadapt_max_node,integer,10000,自适应后允许的节点数上限，用于限制内存和网格增长
adapt_control,integer,1,误差到目标尺寸的控制模式/方向参数；常规保持默认 1
iadapt_order_p,real,3.0,误差随网格尺寸收敛的假定阶数，用于由目标误差反算目标尺寸
iadaptFaceNumber,integer,-1,只适配指定几何模型 face 的编号；-1 表示不按单一 face 限制
iadapt_snap,integer,1,1 时把新边界节点投影/贴合回既有几何模型边界；不会创建新的壁面或 LCFS
adapt_factor,real,1.,保留的自适应缩放输入；当前活动程序未读取其值，修改它不会改变网格
adapt_hmin,real,0.001,磁通/误差尺寸场允许的绝对最小单元尺度
adapt_hmax,real,0.1,磁通/误差尺寸场允许的绝对最大单元尺度
adapt_hmin_rel,real,0.5,相对当前单元尺寸的一次最小缩放比，限制单次细化幅度
adapt_hmax_rel,real,2.0,相对当前单元尺寸的一次最大缩放比，限制单次粗化幅度
adapt_smooth,real,2./3. (约 0.6667),保留的尺寸场平滑输入；当前活动程序未读取其值
adapt_psin_vacuum,real,-1.,按磁通适配时 vacuum 区的归一化磁通阈值/目标范围；负值关闭该专用阈值
adapt_psin_wall,real,-1.,按磁通适配时 wall 区的归一化磁通阈值/目标范围；负值关闭该专用阈值
iadapt_pack_rationals,integer,0,Number of mode-rational surfaces to pack mesh around
adapt_pack_factor,real,0.02,Width of Lorentzian (in psi_N) for rational mesh packing
adapt_coil_delta,real,0.,Parameter for packing mesh around coil locations
adapt_pellet_length,real,0.,Length of pellet path to pack mesh along
adapt_pellet_delta,real,0.,Parameter for packing mesh along pellet path
iheat_sink,integer,0,1 启用 `itaylor=27` 专用热沉；其它平衡类型下不产生通用热沉
vloop,real,0.,施加在环向 Ohm/磁通方程中的回路电压幅值；无电流反馈时按 `vloop*cos(2*pi*vloop_freq*t)` 使用
vloopRZ,real,0.,R-Z/极向磁场方程使用的回路电压分量，独立于主环向 `vloop`
tcur,real,0.,电流反馈的目标总等离子体电流；若给定 `tcuri/tcurf`，运行时目标可被时间 ramp 覆盖
vloop_freq,real,0.,Loop voltage frequency
tcuri,real,0.,电流反馈 tanh ramp 的初始目标电流
tcurf,real,0.,电流反馈 tanh ramp 的最终目标电流
tcur_t0,real,0.,目标电流 tanh ramp 的中心时间
tcur_tw,real,0.,目标电流 tanh ramp 的时间宽度；用于从 `tcuri` 平滑过渡到 `tcurf`
control_p,real,0.,`control_type=1` 电流 PID 的比例增益 P
control_i,real,0.,`control_type=1` 电流 PID 的积分增益 I
control_d,real,0.,`control_type=1` 电流 PID 的微分增益 D
control_type,integer,-1,-1 不启用电流控制；0 旧算法；1 标准 PID，配合 `control_p/i/d`
ipellet,integer,0,1 = include a gaussian pellet source；选择密度源分布；正值为持续源，负值用于初始扰动；双位数分布按 `Lor_vol` 数值归一化
irestart_pellet,integer,0,1 = read some pellet restart parameters from C1input；restart 时仍从 C1input 覆盖部分 pellet 参数，如 pellet_rate、pellet_var_tor、pellet_var、cloud_pel、pellet_mix、cauchy_fraction
ipellet_z,integer,0,Atomic number of pellet (0 = main ion species)
iread_pellet,integer,0,"1: read pellet info from pellet.dat；0 用标量 pellet_* 定义单 pellet；1 读 `pellet.dat`，每行一个 pellet，列为 r,phi,z,rate,var,var_tor,velr,velphi,velz,r_p,cloud_pel,pellet_mix,cauchy_fraction"
pellet_r,real,0.,Initial radial position of the pellet
pellet_phi,real,0.,Initial toroidal position of the pellet
pellet_z,real,0.,Initial vertical position of the pellet
pellet_rate,real,0.,源项/汇项相关速率/源强参数，表示注入、损失、冷却、控制或演化的强度
pellet_var,real,1.,源项/汇项相关宽度/方差参数，用于定义剖面过渡层、Gaussian 分布或数值平滑尺度
pellet_var_tor,real,0.,读入后若 <=0 会自动补值：`ipellet=15` 用 `pellet_var/pellet_r`，其它分支用 `pellet_var`
pellet_velr,real,0.,Initial radial velocity of the pellet
pellet_velphi,real,0.,Initial toroidal velocity of the pellet
pellet_velz,real,0.,Initial vertical velocity of the pellet
ipellet_abl,integer,0,1 = include an ablation model；选择 pellet ablation 模型；1/2 lithium，3 neon，43 carbon/Sergeev06。`ipellet_z=0` 时会由模型推断默认 Z
ipellet_fixed_dep,integer,0,1 = use fixed input pellet_var when ipellet_abl=1
r_p,real,1.e-3,pellet 实体半径，供 ablation 模型计算剩余粒子数和烧蚀率；不是沉积 Gaussian 宽度
cloud_pel,real,1.,pellet ablation 云团/沉积宽度的乘性系数，控制烧蚀物质相对 pellet 的扩散尺度
pellet_mix,real,0.,Molar fraction of deuterium in pellet
temin_abl,real,0.,Min. Temp. at which ablation turns on
cauchy_fraction,real,0.,"For ipellet=14, fraction of distribution that is Cauchy, vs von Mises"
abl_fac,real,1.,Factor multiplying calculated ablation rate
ibeam,integer,0,GE 1: Include neutral beam source
beam_x,real,0.,R-coordinate of beam center
beam_z,real,0.,Z-coordinate of beam center
beam_v,real,1.e4,Beam voltage (in volts)
beam_rate,real,0.,Ions/second deposited by beam
beam_dr,real,0.1,Dispersion of beam deposition
beam_dv,real,100.,Dispersion of beam voltage (in volts)
beam_fracpar,real,1.0,Cosine of beam angle relative to parallel
icd_source,integer,0,1: Include current drive source
J_0cd,real,0.,amplitude of current drive
R_0cd,real,0.,R-coordinate of cd maximum
Z_0cd,real,0.,Z-coordinate of cd maximum
W_cd,real,0.,width of cd gaussian
delta_cd,real,0.,shift of cd gaussian
ipforce,integer,0,1: Include Poloidal momentum source
dforce,real,0.,half-width of poloidal momentum source
xforce,real,0.,"location [0,1] of poloidal momentum source"
nforce,integer,0,exponent of (1-x) multiplying poloidal mom. source
aforce,real,0.,magnitude of poloidal momentum source
igaussian_heat_source,integer,0,Include gaussian heat source
ghs_x,real,0.,R coordinate of gaussian heat source
ghs_z,real,0.,Z coordinate of gaussian heat source
ghs_phi,real,0.,Phi coordinate of gaussian heat source
ghs_rate,real,0.,Amplitude of gaussian heat source
ghs_var,real,1.,Variance of gaussian heat source
ghs_var_tor,real,0.,Toroidal variance of gaussian heat source
ionization,integer,0,1 在主离子密度方程加入温度门控的电离粒子源，并可用 `coolrate` 从热方程扣除能量
ionization_rate,real,0.,源项/汇项相关速率/源强参数，表示注入、损失、冷却、控制或演化的强度
coolrate,real,0.,源项/汇项相关速率/源强参数，表示注入、损失、冷却、控制或演化的强度
ionization_temp,real,0.01,电离源中的特征温度，同时出现在 Arrhenius 型 `exp(-Tion/T)` 因子和高温衰减门控中
ionization_depth,real,0.01,温度高于 `ionization_temp` 后电离源指数衰减的温度宽度
isink,integer,0,启用局部 Gaussian 粒子汇的数量：1 使用 sink1，2 同时使用 sink1 和 sink2
sink1_x,real,0.,源项/汇项相关几何位置参数，用于给定 R/Z/phi 等空间坐标
sink1_z,real,0.,源项/汇项相关几何位置参数，用于给定 R/Z/phi 等空间坐标
sink1_rate,real,0.,源项/汇项相关速率/源强参数，表示注入、损失、冷却、控制或演化的强度
sink1_var,real,1.,源项/汇项相关宽度/方差参数，用于定义剖面过渡层、Gaussian 分布或数值平滑尺度
sink2_x,real,0.,源项/汇项相关几何位置参数，用于给定 R/Z/phi 等空间坐标
sink2_z,real,0.,源项/汇项相关几何位置参数，用于给定 R/Z/phi 等空间坐标
sink2_rate,real,0.,源项/汇项相关速率/源强参数，表示注入、损失、冷却、控制或演化的强度
sink2_var,real,1.,源项/汇项相关宽度/方差参数，用于定义剖面过渡层、Gaussian 分布或数值平滑尺度
iarc_source,integer,0,1 启用与壁面法向电流和 wall-distance 相关的 arc 粒子源
arc_source_alpha,real,0.,arc 粒子源的总幅值系数，乘正向法向电流
arc_source_eta,real,0.01,arc 源随 wall-distance 的尺度长度，形状含 `(w/eta)*exp(-w/eta)`
idenfloor,integer,0,1 在外侧非 plasma magnetic region 加入恢复型密度源，把密度拉向 `den_edge`；它不是逐节点硬截断
alphadenfloor,real,0.,密度恢复源 `alphadenfloor*(den_edge-n)` 的速率系数
n_target,real,1.,pellet 密度反馈所追踪的目标全局粒子数/密度诊断量
n_control_p,real,0.,`n_control_type=1` pellet-rate PID 的比例增益
n_control_i,real,0.,pellet-rate PID 的积分增益
n_control_d,real,0.,pellet-rate PID 的微分增益
n_control_type,integer,-1,-1 不启用密度控制；0 旧算法；1 标准 PID，配合 `n_control_p/i/d`
iprad,integer,0,1: Teng's PRad module with one impurity species；1 启用 Teng PRAD 单杂质辐射模型；当前 PRAD 表中 C/Ar/Fe 常用
prad_z,integer,1,Z of impurity species in PRad module；PRAD 杂质电荷数；程序警告只实现 6、18、26
prad_fz,real,1.,"Density of impurity species in PRad module, as fraction of ne"
iread_prad,integer,0,1: Read impurity density from profile_nz in units of 10^20 / m^3
ikprad,integer,0,1: KPRad module with one impurity species；0 关闭；1 使用 KPRAD；-1 需 USEADAS 编译，使用 ADAS 数据；0 关闭；1 使用内置 KPRAD polynomial fit；-1 在 `USEADAS` 编译时读 ADAS ADF11，否则报错
kprad_z,integer,1,Z of impurity species in KPRad module
ikprad_evolve_neutrals,integer,0,Model for advection/diffusion of neutrals；0 中性粒子不对流不扩散；1 推荐：同其它电荷态对流扩散；2 只扩散不对流
kprad_fz,real,0.,"Density of neutral impurity species in KPRad module, as fraction of ne"
kprad_nz,real,0.,Density of neutral impurity species in KPRAD module
iread_lp_source,integer,0,Read source from Lagrangian Particle code
ikprad_min_option,integer,1,Control behavior for KPRAD minimum density & temperature；1 低 ne/Te 时无辐射/电离/复合；2 推荐：允许复合但无辐射/电离；3 按 subcycling 中 ne/Te 判断无辐射/电离/复合
kprad_nemin,real,1e-12,Minimum elec. density for KPRAD evolution
kprad_temin,real,2e-7,Minimum elec. temperature for KPRAD evolution
ikprad_max_dt,integer,0,Use maximum value of dt for KPRAD ionization；0 用 MHD dt；1 推荐用 dt/(kprad_z+1)；也可配合 `kprad_max_dt` 显式限制
kprad_max_dt,real,-1.,Specify maximum value of dt for KPRAD ionization
ikprad_evolve_internal,integer,0,Internally evolve ne and Te within KPRAD ionization
kprad_n0_denm_fac,real,1.,Scaling factor for neutral impurity diffusion
adas_adf11,character(len=256),"""""",Path to ADAS folder with ADF11 data；仅在满足条件编译 `ifdef USEADAS` 时可用
kinetic_fast_ion,integer,1,1: Enable fast ion PIC；仅在满足条件编译 `ifdef USEPARTICLES` 时可用
kinetic_thermal_ion,integer,0,1: Enable thermal ion PIC and density coupling between MHD and PIC；仅在满足条件编译 `ifdef USEPARTICLES` 时可用
igyroaverage,integer,0,1: Enable gyro-averaging for PIC simulation；仅在满足条件编译 `ifdef USEPARTICLES` 时可用
particle_linear,integer,-1,1: Solve linear delta-f equation. 0: Include nonlinear terms in delta-f；`particle_linear=-1` 时改为当前 `linear`；仅在满足条件编译 `ifdef USEPARTICLES` 时可用
particle_substeps,integer,40,Number of substeps for particle pushing in one subcycle；仅在满足条件编译 `ifdef USEPARTICLES` 时可用
particle_subcycles,integer,1,Number of subcycles for particle pushing in one MHD timestep；仅在满足条件编译 `ifdef USEPARTICLES` 时可用
particle_couple,integer,0,-1: No coupling (test particle). 0: Pressure coupling. 1: Current coupling；仅在满足条件编译 `ifdef USEPARTICLES` 时可用
particle_nodelete,integer,0,"Do not call delete_particle, keep particles' order；仅在满足条件编译 `ifdef USEPARTICLES` 时可用"
iconst_f0,integer,0,Use a constant f0 for delta-f equation；仅在满足条件编译 `ifdef USEPARTICLES` 时可用
ifullf,integer,0,Do full-f simulation；仅在满足条件编译 `ifdef USEPARTICLES` 时可用
fast_ion_mass,real,0.,Fast ion mass (in units of m_p)；仅在满足条件编译 `ifdef USEPARTICLES` 时可用
fast_ion_z,real,0.,Zeff of fast ion；仅在满足条件编译 `ifdef USEPARTICLES` 时可用
fast_ion_dist,integer,1,Type of fast ion distribution function. 0: Read 3D distribution from file. 1: Maxwellian. 2. slowing-down.；仅在满足条件编译 `ifdef USEPARTICLES` 时可用
fast_ion_max_energy,real,1000.,Maximum energy of fast ion for slowing-down distribution；仅在满足条件编译 `ifdef USEPARTICLES` 时可用
num_par_max,integer,4000000,Maximum number of particles；仅在满足条件编译 `ifdef USEPARTICLES` 时可用
num_par_scale,real array,1.,Scaling factor for particle number initialization；仅在满足条件编译 `ifdef USEPARTICLES` 时可用；数组长度/上限：2
kinetic_nrmfac_scale,real array,1.,Scaling factor of the normalization term in particle phase space integration；仅在满足条件编译 `ifdef USEPARTICLES` 时可用；数组长度/上限：2
ikinetic_vpar,integer,0,1: Synchronize particle parallel flow to MHD；仅在满足条件编译 `ifdef USEPARTICLES` 时可用
kinetic_rhomax,real,1.,Maximum rho for kinetic particle；仅在满足条件编译 `ifdef USEPARTICLES` 时可用
vpar_reduce,real,0.,Factor of parallel flow reduction for every timestep；仅在满足条件编译 `ifdef USEPARTICLES` 时可用
idiamagnetic_advection,integer,0,1: Enable diamagnetic velocity advection term in momentum equation；仅在满足条件编译 `ifdef USEPARTICLES` 时可用
imode_filter,integer,0,Number of toroidal mode to be filtered；仅在满足条件编译 `ifdef USEPARTICLES` 时可用
mode_filter_ntor,integer array,0,Toroidal mode number to be filtered；仅在满足条件编译 `ifdef USEPARTICLES` 时可用；数组长度/上限：100
smooth_par,real,1.e-8,Smoothing factor for particle pressure；仅在满足条件编译 `ifdef USEPARTICLES` 时可用
smooth_dens_parallel,real,0.,"Smoothing factor for electron density in parallel direction, used for calculating parallel electric field；仅在满足条件编译 `ifdef USEPARTICLES` 时可用"
xray_detector_enabled,integer,0,1: enable xray detector
xray_r0,real,0.,R coordinate of xray detector
xray_phi0,real,0.,Phi coordinate of xray detector
xray_z0,real,0.,Z coordinate of xray detector
xray_theta,real,0.,Angle of xray detector chord (degrees)
xray_sigma,real,1.,Spread of xray detector chord (degrees)
imag_probes,integer,0,Number of magnetic probes；磁探针数量；对应数组用 `mag_probe_x(i)` 等一基索引给出
mag_probe_x,real array,0.,X-coordinate of magnetic probes；数组长度/上限：100
mag_probe_phi,real array,0.,Phi-coordinate of magnetic probes；数组长度/上限：100
mag_probe_z,real array,0.,Z-coordinate of magnetic probes；数组长度/上限：100
mag_probe_nx,real array,0.,X-component of magnetic probe normal；数组长度/上限：100
mag_probe_nphi,real array,0.,Phi-component of magnetic probe normal；数组长度/上限：100
mag_probe_nz,real array,0.,Z-component of magnetic probe normal；数组长度/上限：100
iflux_loops,integer,0,Number of flux loops；磁通环数量；对应数组用 `flux_loop_x(i)`、`flux_loop_z(i)` 一基索引给出
flux_loop_x,real array,0.,X-coordinate of flux loop；数组长度/上限：100
flux_loop_z,real array,0.,Z-coordinate of flux loop；数组长度/上限：100
ifixed_temax,integer,0,"if nonzero, evaluate temax at xmag0,zmag0"
iprint,integer,0,终端日志详细度：0 最少；1 打印主要步骤/迭代；2 及以上打印更多矩阵、系数和输出阶段信息。它不控制 HDF5 字段内容
ntimepr,integer,1,Number of time steps per field output
ntimers,integer,0,Number of time steps per restart output；0 表示校验后取 `ntimepr`；否则为 restart 输出周期；`ntimers<=0` 时程序把它设为 `ntimepr`
ifout,integer,-1,-1 表示校验后按编译维度默认：3D 输出 f，2D 不输出；也可显式 0/1；`ifout=-1` 在 `validate_input` 中改为 `i3d`：3D 默认输出 f 场，2D 默认不输出
icalc_scalars,integer,1,1: Calculate scalar diagnostics
ike_only,integer,0,1: Only calculate ke scalar diagnostic
ike_harmonics,integer,0,Number of Fourier harmonics of ke to be calculated and output
ibh_harmonics,integer,0,Number of Fourier harmonics of magnetic perturbation to be calculated and output
irestart,integer,0,0 从头启动；1 从 HDF5 restart；2 用 restart 初始化 GS；3 用 2D real restart 初始化 2D complex
itimer,integer,0,1: Output internal timer data
iwrite_transport_coeffs,integer,1,1: Output transport coefficient fields
iwrite_aux_vars,integer,1,1: Output auxiliary variable fields
iwrite_adjacency,integer,1,1: Output mesh adjacency info
iwrite_quad_points,integer,0,1: Output integration quadrature points
itemp_plot,integer,0,1: Output additional temperature plots
ibdgp,integer,0,ne.0: bdgp plot contains only partial results
idouble_out,integer,0,1: Use double-precision floating points in output
irestart_slice,integer,-1,Field output slice from which to restart；-1 从 HDF5 中最后一个已保存时间片重启；非负值选择指定时间片索引，并在同一输出文件中删除其后的时间片组后续写
iveldif,integer,0,ne.0: veldif plot contains only partial results
write_ts_on_job_timeout,integer,0,1: Write time slice and stop code before job hits timeout or is preempted
gam,real,5./3. (约 1.6667),Ratio of specific heats
db,real,-1.,Collisionless ion skin depth (overrides db_fac)；默认 -1，表示按物理归一化自动计算 ion skin depth 并乘以 `db_fac`；若显式给非负值则覆盖；`db<0` 时程序按 `b0_norm/n0_norm/l0_norm/ion_mass` 计算物理 ion skin depth，再乘 `db_fac`；显式给非负 `db` 会覆盖该自动计算
db_fac,real,0.,Factor multiplying physical value of ion skin depth；`db<0` 时乘在物理 ion skin depth 上；默认 0 等价于关闭 two-fluid skin-depth 贡献
mass_ratio,real,0.,已注册但当前活动计算未读取的兼容参数；电子/离子质量比由内部常数和 `ion_mass` 形成，用户不应依赖此值
lambdae,real,0.,已注册但当前活动计算未读取的兼容参数；不会单独打开电子惯性或改变广义 Ohm 定律
z_ion,real,1.,Z effective
ion_mass,real,1.,Ion mass (in units of m_p)
lambda_coulomb,real,17.,Coulomb logarithm
thermal_force_coeff,real,0.,Coefficient of thermal force
ntor,integer,0,Toroidal mode number；2D/complex 线性模拟的环向模数；RMP 等也会使用
mpol,integer,0,若干测试/外场/REKC 设置中使用的极向模数
ibform,integer,-1,旧磁场形式开关的占位参数，读入后写入 dummy 变量；当前方程形式不会随它改变
igs_method,integer,-1,旧 GS 算法选择的占位参数，当前 GS 求解器不读取其值
iwrite_restart,integer,0,1: Write restart files
zeff,real,0.,zeff is deprecated. Use z_ion instead.
ivform,integer,1,ivform is deprecated. Only ivform=1 is now implemented.
iwrite_adios,integer,0,iwrite_adios is deprecated.
iglobalout,integer,0,iglobalout is deprecated
iglobalin,integer,0,iglobalin is deprecated
iread_adios,integer,0,iread_adios is deprecated
iread_hdf5,integer,1,iread_hdf5 is deprecated
